ID,Name,Location,Specialization
1001,Katie Patterson,Perryridge,Pediatrics
1002,Barbara Reed,Orlando,Radiology
1003,Levi Mcbride,Southtown,Anesthesiology
1004,Jermaine Knight,Perryridge,Neurology
1005,Horace Osborne,Tarpon Springs,Pediatrics
1006,Dominick Malone,Tarpon Springs,Immunology
1007,Edgar Sutton,Orlando,Pulmonary Disease
1008,Erik Lynch,Melbourne,Radiology
1009,Bryan Lewis,Melbourne,Transplant Hepatology
1010,Big Bird,Southtown,Neurology
1011,Gina Williams,Perryridge,Immunology
1012,Albert Nelson,Orlando,Pulmonary Disease
1013,Matthew Baldwin,Melbourne,Transplant Hepatology
1014,Ricky Vaughn,Orlando,Radiology
1015,Lindsey Payne,Southtown,Anesthesiology
1016,Geoffry Parsons,Carthage,Pediatrics
1017,Tommy Briggs,Southtown,Immunology
1018,Sara Strickland,Orlando,Neurology
1019,Tricia Morton,Carthage,Anesthesiology
1020,John Doe,Perryridge,Infectious Disease
1021,Sammy Fox,Melbourne,Immunology
1022,Jane Doe,Tarpon Springs,Neurology
1023,Bobbie Smith,Perryridge,Pediatrics
1024,Aaron Mcbride,Perryridge,Transplant Hepatology
1025,Lois Park,Southtown,Pediatrics
1026,Beth Watson,Melbourne,Radiology
1027,Grace Armstrong,Carthage,Radiology
1028,Krista Larson,Perryridge,Neurology
1029,Desiree Austin,Orlando,Anesthesiology
1030,Winston Lowe,Melbourne,Pediatrics
1031,Alton Keller,Tarpon Springs,Radiology
1032,Kenneth Lee,Orlando,Anesthesiology
1033,Corey Rivera,Orlando,Neurology
1034,Mack Bell,Carthage,Pediatrics
1035,Kelvin Larson,Tarpon Springs,Immunology
1036,Sean Stevenson,Perryridge,Pulmonary Disease
1038,Leland Richards,Melbourne,Radiology
1039,Randall Norman,Perryridge,Transplant Hepatology
1040,Darlene Lawrence,Tarpon Springs,Neurology
1041,Tiffany Sims,Perryridge,Pediatrics
1042,Don Chavez,Melbourne,Transplant Hepatology
1043,Clinton Fletcher,Tarpon Springs,Pediatrics
1044,Cynthia Foster,Orlando,Radiology
1045,Marvin Walker,Carthage,Radiology
1046,Mona Bryan,Orlando,Neurology
1047,Pablo Dunn,Southtown,Anesthesiology
1048,Elsa Johnson,Melbourne,Pediatrics
1049,Ron Greer,Perryridge,Radiology
1050,Amber Black,Orlando,Neurology
1051,Kimberly West,Southtown,Anesthesiology
1052,Laura Manning,Southtown,Pediatrics
1053,Everett Jefferson,Tarpon Springs,Radiology
1054,Kirk Copeland,Southtown,Anesthesiology
1055,Edward Martin,Southtown,Neurology
1056,Desiree Hayes,Carthage,Pediatrics
1057,Victor Fernandez,Orlando,Immunology
1058,Ella Guerrero,Southtown,Pulmonary Disease
1059,Francis Nichols,Melbourne,Radiology
1060,Rosalie Andrews,Tarpon Springs,Anesthesiology
1061,Lula Garcia,Perryridge,Pediatrics
1062,Kim Glover,Southtown,Radiology
1063,Derrick Summers,Southtown,Anesthesiology
1064,Ruth Robbins,Carthage,Neurology
1065,Philip Hardy,Tarpon Springs,Pediatrics
1066,Toby Lambert,Southtown,Transplant Hepatology
1067,Ernest Miller,Orlando,Pediatrics
1068,Jody Malone,Melbourne,Radiology
1069,Della Gross,Perryridge,Radiology
1070,Angie Mitchel,Carthage,Neurology
1071,Fannie Patton,Southtown,Anesthesiology
1072,Evan Vargas,Tarpon Springs,Pediatrics
1073,Gilbert Campbell,Southtown,Anesthesiology
1074,Olivia Hardy,Southtown,Pediatrics
1075,Tracey Sanders,Carthage,Radiology
1076,Carmen Meyer,Perryridge,Anesthesiology
1077,Samantha Ray,Tarpon Springs,Neurology
1078,Tom Ramirez,Tarpon Springs,Pediatrics
1079,Alma Cook,Tarpon Springs,Neurology
1080,Adam Walton,Melbourne,Anesthesiology
1081,Noel Moore,Perryridge,Pediatrics
1082,Martha Joseph,Southtown,Radiology
1083,Emma Cruz,Southtown,Anesthesiology
1084,Jean Pittman,Orlando,Neurology
1085,Heather Drake,Carthage,Anesthesiology
1086,Carole Glover,Orlando,Pediatrics
1087,Mona Rios,Perryridge,Radiology
1088,Shannon Morris,Melbourne,Anesthesiology
1089,Omar James,Melbourne,Neurology
1090,Jackie Paul,Southtown,Pediatrics
1091,Roxanne Fox,Tarpon Springs,Transplant Hepatology
1092,Eunice Roberts,Southtown,Pediatrics
1093,Melinda Chambers,Perryridge,Radiology
1094,Darren Todd,Southtown,Radiology
1095,Jesse Soto,Carthage,Neurology
1096,Percy Flores,Orlando,Pediatrics
1097,Oliver Davidson,Orlando,Transplant Hepatology
1098,Wilbur Hill,Orlando,Pediatrics
1099,Loretta Drake,Melbourne,Radiology
2000,Johnny Ferguson,Perryridge,Radiology
2001,Jody Blake,Tarpon Springs,Neurology
2002,Dexter Guzman,Carthage,Transplant Hepatology
2003,Leon Harris,Tarpon Springs,Pediatrics
2004,Delores Webb,Orlando,Radiology